id,R1_grade,criterion_faithful
BC005,10,True
BC006,10,True
BC004,10,True
BC001,10,True
BC008,10,True
BC009,10,True
BC015,10,True
BC010,10,True
BC013,10,True
BC011,10,True
BC012,10,True
BC028,10,True
BC035,10,True
BC029,10,True
BC032,10,True
BC020,7,True
BC047,9,True
BC054,10,True
BC061,10,True
BC063,10,True
BC065,10,True
BC051,10,True
BC067,10,True
BC049,10,True
BC074,10,True
BC069,10,True
BC083,10,True
BC087,10,True
BC066,6,True
BC091,10,True
BC084,10,True
BC097,10,True
BC101,10,True
BC098,10,True
BC105,10,True
BC104,10,True
BC102,5,True
BC108,10,True
BC112,9,True
BC114,9,True
BC115,10,True
BC119,10,True
BC116,10,False
BC120,9,True
BC117,10,True
BC124,10,True
BC122,9,True
BC131,10,True
BC132,10,True
BC133,10,True
BC126,10,True
BC141,10,True
BC145,9,True
BC149,10,True
BC150,10,True
BC151,10,True
BC152,10,True
BC154,10,True
BC153,10,True
BC161,10,True
BC170,10,True
BC169,10,True
BC177,10,True
BC180,9,True
BC181,,True
BC174,10,False
BC193,10,True
BC203,,True
BC206,10,True
BC207,10,True
BC212,9,True
BC219,10,True
BC225,10,True
BC227,10,True
