anchor,id,anchor_config,candidate_config,same_normalized_encoding,certified_by_exact,certified
alg_01,BC015,111,001,False,True,True
alg_01,BC015,111,010,False,True,True
alg_01,BC015,111,011,False,False,False
alg_01,BC015,111,110,False,True,True
alg_02,BC005,111,000,False,True,True
alg_02,BC005,111,001,True,True,True
alg_02,BC005,111,010,True,True,True
alg_02,BC005,111,011,False,True,True
alg_02,BC005,111,100,True,True,True
alg_02,BC005,111,101,True,True,True
alg_02,BC005,111,110,True,True,True
alg_04,BC091,111,001,False,False,False
alg_04,BC091,111,010,False,False,False
alg_04,BC091,111,011,False,False,False
alg_04,BC091,111,100,False,False,False
alg_04,BC091,111,101,False,False,False
alg_04,BC091,111,110,False,False,False
alg_05,BC008,111,000,False,True,True
alg_05,BC008,111,001,True,True,True
alg_05,BC008,111,010,True,True,True
alg_05,BC008,111,011,True,True,True
alg_05,BC008,111,100,False,True,True
alg_05,BC008,111,101,True,True,True
alg_05,BC008,111,110,False,True,True
alg_06,BC010,111,000,False,False,True
alg_06,BC010,111,001,False,False,False
alg_06,BC010,111,010,False,True,True
alg_06,BC010,111,011,False,True,True
alg_06,BC010,111,100,False,False,False
alg_06,BC010,111,101,False,False,False
alg_06,BC010,111,110,False,False,False
alg_07,BC011,111,000,False,False,False
alg_07,BC011,111,001,True,True,True
alg_07,BC011,111,010,False,True,True
alg_07,BC011,111,011,True,True,True
alg_07,BC011,111,100,False,True,True
alg_07,BC011,111,101,True,True,True
alg_07,BC011,111,110,False,False,False
alg_08,BC012,111,001,False,False,False
alg_08,BC012,111,011,True,True,True
alg_08,BC012,111,100,True,True,True
alg_08,BC012,111,101,False,False,False
alg_09,BC013,111,000,False,False,True
alg_09,BC013,111,001,False,True,True
alg_09,BC013,111,010,False,True,True
alg_09,BC013,111,011,False,True,True
alg_09,BC013,111,100,False,True,True
alg_09,BC013,111,101,False,True,True
alg_09,BC013,111,110,False,True,True
alg_10,BC083,111,010,False,False,False
alg_10,BC083,111,011,False,False,False
alg_10,BC083,111,110,False,True,True
alg_11,BC028,111,000,False,False,True
alg_11,BC028,111,001,False,False,True
alg_11,BC028,111,011,False,False,False
alg_11,BC028,111,101,False,False,True
alg_11,BC028,111,110,False,False,False
alg_12,BC032,111,010,False,True,True
alg_12,BC032,111,011,False,True,True
alg_12,BC032,111,110,False,True,True
alg_13,BC051,111,110,False,False,False
alg_14,BC084,111,010,False,False,False
alg_14,BC084,111,011,False,False,False
alg_14,BC084,111,101,False,False,False
alg_14,BC084,111,110,False,False,False
alg_15,BC054,111,000,False,False,False
alg_15,BC054,111,001,False,False,False
alg_15,BC054,111,010,False,False,False
alg_15,BC054,111,011,False,False,False
alg_15,BC054,111,110,False,False,False
alg_16,BC061,111,000,False,False,False
alg_16,BC061,111,001,True,True,True
alg_16,BC061,111,010,True,True,True
alg_16,BC061,111,011,False,False,False
alg_16,BC061,111,100,False,True,True
alg_16,BC061,111,101,False,False,False
alg_16,BC061,111,110,False,True,True
alg_17,BC065,111,010,False,True,True
alg_17,BC065,111,011,False,False,False
alg_17,BC065,111,101,False,False,False
alg_17,BC065,111,110,False,False,False
alg_18,BC067,111,001,False,False,False
alg_18,BC067,111,010,False,True,True
alg_18,BC067,111,011,False,False,False
alg_18,BC067,111,101,False,True,True
alg_18,BC067,111,110,False,False,False
alg_19,BC074,111,000,True,True,True
alg_19,BC074,111,001,True,True,True
alg_19,BC074,111,010,True,True,True
alg_19,BC074,111,011,True,True,True
alg_19,BC074,111,100,True,True,True
alg_19,BC074,111,101,True,True,True
alg_19,BC074,111,110,True,True,True
alg_20,BC069,111,010,True,True,True
alg_20,BC069,111,011,True,True,True
alg_20,BC069,111,101,False,True,True
alg_20,BC069,111,110,True,True,True
complex_10,BC112,111,001,False,False,False
complex_10,BC112,111,011,False,False,False
complex_10,BC112,111,101,False,False,False
complex_10,BC112,111,110,False,False,False
complex_16,BC114,111,010,False,False,False
complex_16,BC114,111,110,False,False,False
complex_18,BC098,111,010,False,True,True
complex_18,BC098,111,011,False,True,True
complex_18,BC098,111,110,False,True,True
real_01,BC150,111,011,False,False,False
real_01,BC150,111,101,False,False,False
real_01,BC150,111,110,False,False,False
real_02,BC151,111,000,False,True,True
real_02,BC151,111,001,True,True,True
real_02,BC151,111,010,False,False,False
real_02,BC151,111,011,False,False,False
real_02,BC151,111,100,False,False,False
real_02,BC151,111,101,False,False,False
real_02,BC151,111,110,False,True,True
real_05,BC153,111,000,False,False,False
real_05,BC153,111,011,False,False,False
real_05,BC153,111,110,False,False,False
real_06,BC117,111,010,False,False,False
real_06,BC117,111,011,False,False,False
real_06,BC117,111,101,False,True,True
real_06,BC117,111,110,False,False,False
real_07,BC141,111,010,True,True,True
real_07,BC141,111,011,True,True,True
real_07,BC141,111,110,True,True,True
real_09,BC120,111,110,False,False,False
real_10,BC132,111,000,False,True,True
real_10,BC132,111,001,False,True,True
real_10,BC132,111,010,False,False,False
real_10,BC132,111,011,False,True,True
real_10,BC132,111,100,False,True,True
real_10,BC132,111,101,False,True,True
real_10,BC132,111,110,False,True,True
real_12,BC119,111,001,False,False,False
real_12,BC119,111,010,False,False,False
real_12,BC119,111,011,False,False,False
real_12,BC119,111,100,False,False,False
real_12,BC119,111,110,False,False,False
real_13,BC154,111,011,False,False,False
real_14,BC145,111,010,False,False,False
real_14,BC145,111,011,False,False,False
real_15,BC152,111,010,False,False,True
real_15,BC152,111,011,False,False,False
real_15,BC152,111,110,False,False,True
real_16,BC133,111,001,False,True,True
real_16,BC133,111,011,False,False,False
real_16,BC133,111,100,False,True,True
real_16,BC133,111,101,False,True,True
real_16,BC133,111,110,True,True,True
real_20,BC149,111,010,False,False,True
real_20,BC149,111,011,False,False,False
real_20,BC149,111,110,False,True,True
top_01,BC188,111,000,True,True,True
top_01,BC188,111,001,False,False,False
top_01,BC188,111,010,True,True,True
top_01,BC188,111,011,True,True,True
top_01,BC188,111,101,False,False,False
top_03,BC224,111,010,False,False,False
top_07,BC207,111,001,True,True,True
top_07,BC207,111,010,True,True,True
top_07,BC207,111,011,True,True,True
top_07,BC207,111,100,True,True,True
top_07,BC207,111,101,True,True,True
top_07,BC207,111,110,True,True,True
top_09,BC193,111,001,True,True,True
top_09,BC193,111,010,True,True,True
top_09,BC193,111,011,True,True,True
top_09,BC193,111,100,True,True,True
top_09,BC193,111,101,True,True,True
top_09,BC193,111,110,True,True,True
top_16,BC180,111,000,True,True,True
top_16,BC180,111,001,False,True,True
top_16,BC180,111,010,True,True,True
top_16,BC180,111,011,False,True,True
top_16,BC180,111,100,False,True,True
top_16,BC180,111,110,False,True,True
top_17,BC170,111,000,False,True,True
top_17,BC170,111,001,False,True,True
top_17,BC170,111,010,False,True,True
top_17,BC170,111,011,False,True,True
top_17,BC170,111,100,False,True,True
top_17,BC170,111,101,False,True,True
top_17,BC170,111,110,True,True,True
top_18,BC227,111,001,False,True,True
top_18,BC227,111,010,False,True,True
top_18,BC227,111,011,False,True,True
top_18,BC227,111,101,False,True,True
top_18,BC227,111,110,False,True,True
