case_id,leanscorer_score,leanscorer_pass
B-005,0.6,True
B-007,0.6,True
B-010,0.0,False
B-011,0.6,True
B-012,0.8,True
B-015,0.0,False
B-016,0.0,False
B-017,1.0,True
B-020,0.6,True
B-021,0.71,True
B-022,1.0,True
B-023,0.3,False
B-025,1.0,True
B-027,0.5,False
B-028,0.5,False
B-030,0.89,True
B-031,0.0,False
B-032,1.0,True
B-034,0.0,False
B-035,1.0,True
B-036,0.6,True
B-037,0.0,False
B-038,0.0,False
B-040,1.0,True
B-041,0.0,False
B-042,1.0,True
B-043,0.0,False
B-045,1.0,True
B-048,1.0,True
B-049,0.6,True
B-050,1.0,True
B-051,0.86,True
B-053,1.0,True
B-056,1.0,True
B-057,0.86,True
B-058,0.6,True
B-059,0.0,False
B-060,1.0,True
B-061,0.75,True
B-064,1.0,True
B-066,1.0,True
B-067,0.86,True
B-068,0.0,False
B-069,1.0,True
B-071,0.0,False
B-074,0.6,True
B-075,0.0,False
B-076,0.39,False
B-077,1.0,True
B-079,0.3,False
B-080,0.6,True
B-081,1.0,True
B-082,0.5,False
B-085,1.0,True
B-090,0.0,False
B-091,1.0,True
B-094,1.0,True
B-096,0.0,False
B-098,1.0,True
B-100,0.83,True
